algorithm,final_f,iters_to_convergence,wall_clock_total_s,final_support_size,converged
FW,503.3918895533031,3000,0.5494157196953893,62,did not converge
PFW,501.3153322778516,2959,0.8237999086268246,55,yes
PG,501.635080071994,995,0.17644321778789163,64,yes
