algorithm,final_f,iters_to_convergence,wall_clock_total_s,final_support_size,converged
FW,167.5516748811679,3000,0.16424909827765077,10,did not converge
PFW,167.42365539431208,202,0.026482499670237303,10,yes
PG,167.42405817239325,234,0.012135100085288286,10,yes
